dataset,tie_group_size,label,count,pct,n
baseline_grid,1,outright_win,0.37,37.09,1259712
baseline_grid,2,2_way_tie,0.33,33.12,1259712
baseline_grid,3,3_way_tie,0.2,20.01,1259712
baseline_grid,4,4_way_tie,0.08,7.53,1259712
baseline_grid,5,5_way_tie,0.02,1.95,1259712
baseline_grid,6,6_way_tie,0,0.31,1259712
baseline_grid_uniform_legacy,1,outright_win,123138,39.1,314928
baseline_grid_uniform_legacy,2,2_way_tie,105342,33.45,314928
baseline_grid_uniform_legacy,3,3_way_tie,59554,18.91,314928
baseline_grid_uniform_legacy,4,4_way_tie,20381,6.47,314928
baseline_grid_uniform_legacy,5,5_way_tie,5793,1.84,314928
baseline_grid_uniform_legacy,6,6_way_tie,720,0.23,314928
secondary_check,1,outright_win,1657,37.88,4374
secondary_check,2,2_way_tie,1540,35.21,4374
secondary_check,3,3_way_tie,872,19.94,4374
secondary_check,4,4_way_tie,280,6.4,4374
secondary_check,5,5_way_tie,25,0.57,4374
real_world,1,outright_win,22,34.92,63
real_world,2,2_way_tie,9,14.29,63
real_world,3,3_way_tie,14,22.22,63
real_world,4,4_way_tie,13,20.63,63
real_world,5,5_way_tie,5,7.94,63
